id,article_title,citation_number,occurrence,claim_text,source_url,source_text_preview,ground_truth,dataset_version,extraction_status,needs_manual_review,manual_claim_override,manual_source_override
row_2,Immigration to the United States,1,1,"Immigration has been a major source of population growth and cultural change in the United States throughout much of its history. As of January 2025, the United States has the largest immigrant population in the world in absolute terms, with 53.3 million foreign-born residents, representing 15.8% of the total U.S. population—both record highs.",https://cis.org/Report/ForeignBorn-Number-and-Share-US-Population-AllTime-Highs-January-2025,"View our most recent immigrant population numbers. The government’s January 2025 Current Population Survey (CPS) shows the foreign-born or immigrant population (legal and illegal together) hit 53.3 mi...",Supported,v1,complete,false,,
row_3,Immigration to the United States,2,1,"While the United States represented about 4% of the total global population in 2024, 17% of all international migrants resided in the United States.",https://www.migrationpolicy.org/article/frequently-requested-statistics-immigrants-and-immigration-united-states,"Immigrants take the oath of allegiance during a naturalization ceremony. (Photo: Tia Dufour/DHS) Both the size and share of immigrants in the U.S. population stood at record highs as of 2024, the most...",Supported,v1,complete,false,,
row_4,Immigration to the United States,3,1,"In March 2025, the Federation for American Immigration Reform (FAIR) estimated that approximately 18.6 million illegal immigrants resided in the United States.",https://www.fairus.org/issue/how-many-illegal-aliens-are-united-states-2025-update#:~:text=Click%20to%20read%20or%20download,population%20to%20account%20for%20it.,"...",Supported,v1,source_fetch_failed,true,,
row_5,Immigration to the United States,2,2,"In 2024, immigrants and their U.S.-born children number more than 93 million people, or 28% of the total U.S. population.",https://www.migrationpolicy.org/article/frequently-requested-statistics-immigrants-and-immigration-united-states,"Immigrants take the oath of allegiance during a naturalization ceremony. (Photo: Tia Dufour/DHS) Both the size and share of immigrants in the U.S. population stood at record highs as of 2024, the most...",Partially supported,v1,complete,false,,
row_6,Immigration to the United States,4,1,"According to the 2016 Yearbook of Immigration Statistics, the United States admitted a total of 1.18 million legal immigrants (618k new arrivals, 565k status adjustments) in 2016.",https://web.archive.org/web/20200403052733/https://www.dhs.gov/immigration-statistics/yearbook/2016/table7,"The is a compendium of tables that provide data on foreign nationals who are granted lawful permanent residence (i.e., immigrants who receive a “green card”), admitted as temporary nonimmigrants, gran...",Supported,v1,complete,false,,
row_7,Immigration to the United States,4,2,"and 1.0% who were granted the Special Immigrant Visa (SIV) for Iraqis and Afghans employed by the United States Government.",https://web.archive.org/web/20200403052733/https://www.dhs.gov/immigration-statistics/yearbook/2016/table7,"The is a compendium of tables that provide data on foreign nationals who are granted lawful permanent residence (i.e., immigrants who receive a “green card”), admitted as temporary nonimmigrants, gran...",Supported,v1,complete,false,,
row_8,Immigration to the United States,4,3,"persons admitted under the Nicaraguan and Central American Relief Act; children born after the issuance of a parent's visa; and certain parolees from the former Soviet Union, Cambodia, Laos, and Vietnam who were denied refugee status.",https://web.archive.org/web/20200403052733/https://www.dhs.gov/immigration-statistics/yearbook/2016/table7,"The is a compendium of tables that provide data on foreign nationals who are granted lawful permanent residence (i.e., immigrants who receive a “green card”), admitted as temporary nonimmigrants, gran...",Supported,v1,complete,false,,
row_9,Immigration to the United States,8,1,"of these ethnic quotas with per-country limits for family-sponsored and employment-based preference visas.",https://web.archive.org/web/20160121232201/http://www.uscis.gov/tools/glossary/country-limit,"The Wayback Machine - https://web.archive.org/web/20160121232201/http://www.uscis.gov/tools/glossary/country-limit The maximum number of family-sponsored and employment-based preference visas that can...",Supported,v1,complete,false,,
row_10,Immigration to the United States,11,1,"Census estimates show 45.3 million foreign born residents in the United States as of March 2018 and 45.4 million in September 2021, the lowest three-year increase in decades.",https://web.archive.org/web/20211217044905/https://cis.org/Camarota/Monthly-Census-Bureau-Data-Shows-Big-Increase-ForeignBorn,"An analysis of the Census Bureau monthly Current Population Survey (CPS) by the Center for Immigration Studies shows that after falling for much of 2020, the foreign-born population (legal and illegal...",Partially supported,v1,complete,false,,
row_11,Immigration to the United States,12,1,"In 2017, out of the U.S. foreign-born population, some 45% (20.7 million) were naturalized citizens, 27% (12.3 million) were lawful permanent residents, 6% (2.2 million) were temporary lawful residents, and 23% (10.5 million) were unauthorized immigrants.",https://web.archive.org/web/20200227051906/https://www.pewresearch.org/fact-tank/2019/06/17/key-findings-about-u-s-immigrants/,"Immigrants listen to a speech as they wait to become U.S. citizens at a naturalization ceremony in Los Angeles. (Mark Ralson/AFP/Getty Images) The United States has more immigrants than any other coun...",Partially supported,v1,complete,false,,
row_12,Immigration to the United States,13,1,"The United States led the world in refugee resettlement for decades, admitting more refugees than the rest of the world combined.",https://web.archive.org/web/20211006022557/https://www.pewresearch.org/fact-tank/2019/10/07/key-facts-about-refugees-to-the-u-s/,"Syrian refugees take notes during their vocational ESL class at the International Rescue Committee center in San Diego on Aug. 31, 2016. (Frederic J. Brown/AFP/Getty Images) The United States plans to...",Supported,v1,complete,false,,
row_13,Immigration to the United States,14,1,"Causes of migration include poverty, crime",https://www.theguardian.com/us-news/2018/dec/19/central-america-migrants-us-foreign-policy,"Central American migrants hesitate as others climb the Mexico-US border fence in an attempt to cross to San Diego county, in Playas de Tijuana, Baja California state, Mexico. Photograph: Guillermo Ari...",Supported,v1,complete,false,,
row_14,Immigration to the United States,15,1,"Causes of migration include poverty, crime",https://web.archive.org/web/20190705173521/https://www.thenation.com/article/how-us-foreign-policy-helped-create-the-immigration-crisis/,"As his price for not deporting roughly 800000 “Dreamers” who came to this country as children, Donald Trump demands an escalated war against immigrants, topped by his nightmarish 2000-mile wall along ...",Supported,v1,complete,false,,
row_15,Immigration to the United States,20,1,"During the 17th century, approximately 400,000 English people migrated to America under European colonization.",https://web.archive.org/web/20090106140842/http://www.virtualjamestown.org//essays/horn_essay.html,"The Wayback Machine - https://web.archive.org/web/20090106140842/http://www.virtualjamestown.org//essays/horn_essay.html Jamestown Interpretive Essays Leaving England: The Social Background of Indentu...",Supported,v1,complete,false,,
row_16,Immigration to the United States,25,1,"Over half of all European immigrants to Colonial America during the 17th and 18th centuries arrived as indentured servants.",https://web.archive.org/web/20091228034715/http://mertsahinoglu.com/research/indentured-servitude-colonial-america/,"One half to two thirds of all immigrants to Colonial America arrived as indentured servants. At times, as many as 75% of the population of some colonies were under terms of indenture. Even on the fron...",Supported,v1,complete,false,,
row_17,Immigration to the United States,29,1,"The Census Bureau published preliminary estimates of the origins of the colonial American population by scholarly classification of the names of all White heads of families recorded in the 1790 census in a 1909 report entitled A Century of Population Growth.",https://web.archive.org/web/20220910221959/https://www2.census.gov/library/publications/decennial/1900/century-of-growth/1790-1900-century-of-growth-part-1.pdf,"45 captures 05 Feb 2021 - 28 Jan 2026 Aug SEP Oct 10 2021 2022 2023 success fail About this capture COLLECTED BY Collection: Wikipedia Eventstream TIMESTAMPS The Wayback Machine - https://web.archive....",Supported,v1,complete,false,,
row_18,Immigration to the United States,33,1,"Historians estimate that fewer than one million immigrants moved to the United States from Europe between 1600 and 1799.",https://web.archive.org/web/20090211093437/http://americanheritage.com/immigration/articles/magazine/ah/1981/1/1981_1_50.shtml,"The Facts Behind the Current Controversy Over Immigration Im-mi-grate—To enter and settle. … —The American Heritage Dictionary God sifted a whole Nation that He might send Choice Grain over into this ...",Partially supported,v1,complete,false,,
row_19,Immigration to the United States,34,1,"By comparison, in the first federal census, in 1790, the population of the United States was enumerated to be 3,929,214.",https://web.archive.org/web/20171009051127/https://www.census.gov/history/www/through_the_decades/fast_facts/1790_fast_facts.html,"The Wayback Machine - https://web.archive.org/web/20171009051127/https://www.census.gov/history/www/through_the_decades/fast_facts/1790_fast_facts.html You are here: › › › › 1790 Fast Facts Skip top o...",Supported,v1,complete,false,,
row_20,Immigration to the United States,42,1,"After an initial wave of immigration from China following the California Gold Rush, racist attitudes toward the Chinese population of the West Coast led to Congress passing the very first U.S. law restricting immigration: The Page Act of 1875 banned Chinese women who, it was claimed, were arriving to engage in prostitution.",https://web.archive.org/web/20100825072233/http://www.washingtonpost.com/wp-dyn/content/article/2010/04/30/AR2010043001667.html,"The Wayback Machine - https://web.archive.org/web/20100825072233/http://www.washingtonpost.com/wp-dyn/content/article/2010/04/30/AR2010043001667.html Archive | Biography | RSS Feed | Opinions Home Ari...",Not supported,v1,complete,false,,
row_21,Immigration to the United States,43,1,"The peak year of European immigration was in 1907, when 1,285,349 persons entered the country.",https://web.archive.org/web/20100221032043/http://www.houstonhistory.com/decades/history5g.htm,"The Wayback Machine - https://web.archive.org/web/20100221032043/http://www.houstonhistory.com:80/decades/history5g.htm Our Legacy stories of our past Great Citizens making a difference Preservation h...",Supported,v1,complete,false,,
row_22,Immigration to the United States,46,1,"The Emergency Quota Act was enacted in 1921, limiting immigration from the Eastern Hemisphere by national quotas equal to 3 percent of the number of foreign-born from each nation in the 1910 census. The Act aimed to further restrict immigrants from Southern and Eastern Europe, particularly Italian, Slavic, and Jewish people, who had begun to enter the country in large numbers beginning in the 1890s.",https://web.archive.org/web/20120816193241/http://seattletimes.nwsource.com/html/nationworld/2003265600_impghistory20.html,"About Blog Events Projects Help Donate Donate icon An illustration of a heart shape Contact Jobs Volunteer Loading... http://seattletimes.nwsource.com/html/nationworld/2003265600_impghistory20.html | ...",Partially supported,v1,complete,false,,
row_23,Immigration to the United States,33,2,"but in 1933, only 23,068 moved to the U.S.",https://web.archive.org/web/20090211093437/http://americanheritage.com/immigration/articles/magazine/ah/1981/1/1981_1_50.shtml,"The Facts Behind the Current Controversy Over Immigration Im-mi-grate—To enter and settle. … —The American Heritage Dictionary God sifted a whole Nation that He might send Choice Grain over into this ...",Supported,v1,complete,false,,
row_24,Fall of Aden (2026),1,1,"On 7 January 2026, Yemeni government forces (Presidential Leadership Council, or PLC) captured the Southern Transitional Council's de facto capital, Aden, resulting in the STC's reported dissolution and the collapse of the group's forces in the area.",https://www.aljazeera.com/news/2026/1/7/saudi-led-coalition-strikes-yemen-says-stc-leader-al-zubaidi-has-fled,"Saudi-led coalition attacks south Yemen separatists The Saudi Arabia-led coalition launched air strikes on southern Yemen saying it targeted secessionist forces after their leader disappeared instead ...",Supported,v1,complete,false,,
row_25,Fall of Aden (2026),3,1,"Following Aden's capture, the secretary-general of the STC announced its dissolution and its leader Aidarus al-Zoubaidi fled to the United Arab Emirates.",https://www.npr.org/2026/01/09/nx-s1-5672397/yemen-southern-transitional-council-dissolution-leader-uae,"This is a locator map for Yemen with its capital, Sanaa. AP hide caption AP CAIRO — Yemen's main separatist group and its institutions will be dismantled effective Friday, the group's secretary-genera...",Supported,v1,complete,false,,
row_26,Fall of Aden (2026),4,1,"Aden has changed hands several times over the course of the current civil war. In 2015, it was designated as the ""temporary capital"" of Yemen following the Houthi takeover of Sanaa.",https://www.dw.com/en/yemens-president-hadi-declares-new-temporary-capital/a-18332197,"In a televised speech on Saturday, Yemen's President Raboo Mansour Hadi pledged to fight Iran's influence on his violence-ridden country. Hadi, who was under rebel imposed house arrest until last mont...",Supported,v1,complete,false,,
row_27,Fall of Aden (2026),5,1,"A few weeks later, the Battle of Aden broke out between the Houthis and PLC.",http://web.archive.org/web/20240913211752/https://www.nytimes.com/2015/04/11/world/middleeast/aden-yemen.html,"Yemen’s Despair on Full Display in ‘Ruined’ City Yemeni supporters of a southern separatist movement fought with Houthi rebels in an Aden neighborhood on Wednesday. Credit... Saleh Al-Obeidi/Agence Fr...",Supported,v1,complete,false,,
row_28,Fall of Aden (2026),1,3,"On 7 January, the Saudi-backed forces began advancing towards Aden, launching airstrikes against STC forces in the region.",https://www.aljazeera.com/news/2026/1/7/saudi-led-coalition-strikes-yemen-says-stc-leader-al-zubaidi-has-fled,"Saudi-led coalition attacks south Yemen separatists The Saudi Arabia-led coalition launched air strikes on southern Yemen saying it targeted secessionist forces after their leader disappeared instead ...",Supported,v1,complete,false,,
row_29,Fall of Aden (2026),11,1,"On 7 January 2026, Saudi Arabia launched airstrikes against the UAE-backed STC forces around Aden. The government army first entered the area at Al-Alam and moved into the city from there.",https://www.aa.com.tr/en/middle-east/yemen-government-forces-move-into-aden-as-power-balance-shifts-in-south/3793442,"...",Supported,v1,source_fetch_failed,true,,
row_30,Fall of Aden (2026),1,4,"PLC forces captured the city's international airport and the presidential palace. The PLC claimed total control over the city and all districts of the governorate, but the STC denied these claims, saying that they still held control over some areas.",https://www.aljazeera.com/news/2026/1/7/saudi-led-coalition-strikes-yemen-says-stc-leader-al-zubaidi-has-fled,"Saudi-led coalition attacks south Yemen separatists The Saudi Arabia-led coalition launched air strikes on southern Yemen saying it targeted secessionist forces after their leader disappeared instead ...",Supported,v1,complete,false,,
row_31,Fall of Aden (2026),1,5,"After Aden's fall to the PLC, Zoubaidi went missing for a brief period of time.",https://www.aljazeera.com/news/2026/1/7/saudi-led-coalition-strikes-yemen-says-stc-leader-al-zubaidi-has-fled,"Saudi-led coalition attacks south Yemen separatists The Saudi Arabia-led coalition launched air strikes on southern Yemen saying it targeted secessionist forces after their leader disappeared instead ...",Supported,v1,complete,false,,
row_32,Fall of Aden (2026),11,2,"The STC maintains that Zoubaidi remains in Aden.",https://www.aa.com.tr/en/middle-east/yemen-government-forces-move-into-aden-as-power-balance-shifts-in-south/3793442,"...",Supported,v1,source_fetch_failed,true,,
row_33,Fall of Aden (2026),13,1,"The Yemeni government charged Zoubaidi with high treason on 7 January.",https://www.middleeasteye.net/news/yemen-southern-separatists-stc-disband-ruling-council-member-says,"Yemen 's main southern separatist group, the Southern Transitional Council (STC), announced it was disbanding on Friday, according to a statement made by one of its members in Saudi Arabia, where some...",Supported,v1,complete,false,,
row_34,Fall of Aden (2026),13,2,"The flag of Yemen was raised over government buildings in the city by PLC troops.",https://www.middleeasteye.net/news/yemen-southern-separatists-stc-disband-ruling-council-member-says,"Yemen 's main southern separatist group, the Southern Transitional Council (STC), announced it was disbanding on Friday, according to a statement made by one of its members in Saudi Arabia, where some...",Supported,v1,complete,false,,
row_35,Battle of Sanaa (2014),11,1,"Zaydi Muslims loyal to Abdul-Malik al-Houthi, a powerful tribal leader from the northern Saada Governorate, participated in the Yemeni Revolution in 2011 and 2012. However, the Houthis also clashed with Islamists from Yemen's Islah party, with sporadic and sometimes intense fighting in the northern village of Dammaj, as well as several neighboring governorates. In January 2014, the Yemeni government began evacuating Wahhabi residents from Saada Governorate, handing victory in the region to the H",http://reliefweb.int/report/yemen/salafis-forced-flee-dammaj-government-forces-unable-protect-them-they-say,"...",Partially supported,v1,source_fetch_failed,true,,
row_36,Battle of Sanaa (2014),16,1,"In August, the Houthis began holding mass demonstrations in Sanaa, pressuring President Abd Rabbuh Mansur Hadi to reverse a cut to fuel subsidies and calling on the government to step down. Representatives of the group met with government officials in an attempt to find a solution to the standoff, but the Houthis rejected the government's concessions as insufficient.",https://web.archive.org/web/20141209211858/http://www.reuters.com/article/2014/08/22/us-yemen-protests-idUSKBN0GM12C20140822,"1 of 3. Followers of the Shi'ite Houthi group pray during a rally to denounce fuel price hikes and to demand for the resignation of the government in Sanaa August 22, 2014. RUETERS/Mohamed al-Sayaghi ...",Supported,v1,complete,false,,
row_37,Battle of Sanaa (2014),17,1,"Fighting broke out between the Houthis and army units in northwest Sanaa on 16 September and continued into the following day.",https://web.archive.org/web/20150209000230/http://www.al-monitor.com/pulse/politics/2014/09/yemen-coup-agreement-political-shift-houthi-saleh-end-wars.html,"A Shiite Houthi rebel sits by a swimming pool at the house of the business tycoon and Islah party leader Hameed al-Hamar after they took control of it in Sanaa, Sept. 24, 2014. (photo by REUTERS/Khale...",Supported,v1,complete,false,,
row_38,Battle of Sanaa (2014),18,1,"Flights into and out of Sanaa International Airport were suspended.",https://web.archive.org/web/20151022145529/http://english.al-akhbar.com/node/21619,"Al-Akhbar is currently going through a transitional phase whereby the English website is available for Archival purposes only. All new content will be published in Arabic on the main website (www.al-a...",Supported,v1,complete,false,,
row_39,Battle of Sanaa (2014),8,2,"More than 60 were killed in clashes on 19 September.",https://web.archive.org/web/20150208230848/http://www.turkishweekly.net/news/172314/60-yemenis-killed-in-sanaa-clashes-source.html,"The Wayback Machine - https://web.archive.org/web/20150208230848/http://www.turkishweekly.net/news/172314/60-yemenis-killed-in-sanaa-clashes-source.html Make Homepage Advertise Partners About Us NEWS ...",Supported,v1,complete,false,,
row_40,Battle of Sanaa (2014),17,2,"That evening, Benomar announced an agreement that would end the crisis.",https://web.archive.org/web/20150209000230/http://www.al-monitor.com/pulse/politics/2014/09/yemen-coup-agreement-political-shift-houthi-saleh-end-wars.html,"A Shiite Houthi rebel sits by a swimming pool at the house of the business tycoon and Islah party leader Hameed al-Hamar after they took control of it in Sanaa, Sept. 24, 2014. (photo by REUTERS/Khale...",Supported,v1,complete,false,,
row_41,Battle of Sanaa (2014),20,1,"By 21 September, the Houthis declared themselves in control of Sanaa,",http://www.middleeasteye.net/fr/in-depth/features/yemenis-are-shocked-houthi-s-quick-capture-sanaa-690971750,"AL-MUKALLA: The Yemeni public's first reaction to the quick and easy capture of their capital by the Houthis was shock, utter disbelief and denial.Many people here thought that if a small village call...",Supported,v1,complete,false,,
row_42,Battle of Sanaa (2014),20,2,"having taken over the offices of the prime minister, the state television building, and military headquarters. Al-Ahmar's forces reportedly surrendered to the Houthis after fighting,",http://www.middleeasteye.net/fr/in-depth/features/yemenis-are-shocked-houthi-s-quick-capture-sanaa-690971750,"AL-MUKALLA: The Yemeni public's first reaction to the quick and easy capture of their capital by the Houthis was shock, utter disbelief and denial.Many people here thought that if a small village call...",Partially supported,v1,complete,false,,
row_43,Battle of Sanaa (2014),21,1,"although the general himself was believed to have escaped capture.",https://web.archive.org/web/20151102162819/http://english.al-akhbar.com/node/21636/,"Al-Akhbar is currently going through a transitional phase whereby the English website is available for Archival purposes only. All new content will be published in Arabic on the main website (www.al-a...",Supported,v1,complete,false,,
row_44,Battle of Sanaa (2014),22,1,"The rebels signed a deal with the government, prompting Prime Minister Mohammed Basindawa to resign. However, they refused to sign an annex to the agreement under which security forces would resume control of areas seized by the Houthis and confiscate the Houthis' weapons. Nonetheless, Hadi declared an immediate ceasefire and urged all factions to respect the agreement.",https://web.archive.org/web/20150411093816/http://www.reuters.com/article/2014/09/21/us-yemen-security-idUSKBN0HG04T20140921,"Smoke rises from the main gate of the army's first armoured division, which is under attack from Shi'ite Houthi militants, in Sanaa September 21, 2014. Reuters/Mohamed al-Sayaghi Smoke rises from an a...",Supported,v1,complete,false,,
row_45,Battle of Sanaa (2014),23,1,"However, the group maintained control of key points in the city, despite the government's call for the Houthis to turn them over to security forces, and it kept a firm grip on the government. In October, when Hadi moved to appoint his chief of staff, Ahmed Awad bin Mubarak, as prime minister to replace Basindawa, the Houthis effectively vetoed the choice.",https://www.bbc.com/news/world-middle-east-29530635,"Yemeni politician Ahmed Awad bin Mubarak speaks to journalists as he enters a hotel in Sanaa September 27, 2014 Yemen's Zaidi Shia Houthi rebels have rejected President Abdrabbuh Mansour Hadi's nomina...",Supported,v1,complete,false,,
row_46,Battle of Sanaa (2014),24,1,"Al Jazeera later claimed to have received taped phone conversations between Ali Abdullah Saleh, the former president, and Houthi officials indicating that Saleh aided the Houthis in their takeover of Sanaa.",http://www.aljazeera.com/news/middleeast/2015/01/audio-leak-ties-yemen-ex-leader-houthis-2015121175226439411.html,"07:46 Yemen’s embattled president has reached an agreement with Houthi rebels to end a violent standoff in the capital, Sanaa.The Shia rebels agreed on Wednesday to withdraw from areas overlooking the...",Supported,v1,complete,false,,
row_47,Battle of Sanaa (2014),25,1,"Saleh's party, the General People's Congress, joined the Houthis in announcing an eleventh-hour boycott of the unity government led by Hadi and Prime Minister Khaled Bahah in November.",http://www.middleeasteye.net/news/saleh-and-houthis-boycott-new-yemen-government-1190152028,"The United States on Monday imposed sanctions on Yemen's former president Ali Abdullah Saleh and two senior Houthi rebel leaders for threatening the peace and stability of the country, two days after ...",Supported,v1,complete,false,,
row_48,Battle of Sanaa (2014),26,1,"The Houthis continued to apply pressure on the weakened unity government, kidnapping bin Mubarak for several days in January 2015 in an attempt to gain more control over the drafting of a new constitution.",http://www.aljazeera.com/news/2015/01/houthis-free-top-aide-yemen-president-150127144552184.html,"Mubarak was previously nominated as prime minister, but his appointment was rejected by the Shia rebel group [EPA] Houthi rebels have freed President Abd-Rabbu Mansour Hadi’s chief of staff, whose abd...",Supported,v1,complete,false,,
row_49,Battle of Sanaa (2014),27,1,"They stepped up their efforts by shelling Hadi's residence and capturing the presidential palace on 20 January, actions from which they had refrained in September 2014. These attacks prompted Hadi, Bahah, and the entire cabinet to resign.",https://www.bbc.com/news/world-middle-east-30936940,"Shia Houthi rebels in Sanaa, 22 January The president of Yemen has resigned along with his prime minister in protest at the takeover of the capital Sanaa by Shia Houthi rebels, creating a dangerous po...",Partially supported,v1,complete,false,,
row_50,History of Chechnya,76,1,"In the 1930s, Chechnya was flooded with multiple Ukrainians fleeing the great famine known as the Holodomor. Despite the threats from the Soviet government not to provide food and shelter to starving Ukrainians, the rebellious peoples did not follow Soviet orders. As the result a number of the Ukrainians settled in Chechen-Ingush ASSR on the permanent basis and were able to survive the famine.",http://www.rferl.org/content/chechnya-ukraine-holodomor-survivors/25177285.html,"Lyuba was just a child when her family fled the ""Holodomor,"" the devastating famine that swept through Soviet Ukraine in the early 1930s. She and her parents were able to escape their homeland befor...",Partially supported,v1,complete,false,,
row_51,History of Chechnya,123,2,"On 27 August 1958, Major General Stepanov of the Military Aviation School issued an ultimatum to the local Soviet government that the Chechens must be sent back to Siberia and Central Asia or otherwise his Russians would ""tear (them) to pieces"".",http://www.ng.ru/style/2000-08-30/8_bunt.html,"Митинг в Грозном на площади Ленина 27 августа 1958 г. Фото участника событий ПОСЛЕ XX съезда КПСС началась реабилитация и отдельных граждан, и целых народов, пострадавших в годы беззакония. Девятого я...",Supported,v1,complete,false,,
row_52,History of Chechnya,165,1,"Aslan Maskhadov tried to concentrate power in his hands to establish authority, but had trouble creating an effective state or a functioning economy. He attempted to attract foreign investment in Chechnya's oil industry and reconstruction of Grozny.",http://mashar.free.fr/visit_lon.htm,"The Goldsmith gang wants to help the leader of Chechnya. Simon Sebag Montefiore finds out why Courting the king of the wild frontier The reception in Westminster for the visiting president was grand e...",Partially supported,v1,complete,false,,
row_53,History of Chechnya,167,1,"but victims were rarely killed.",https://web.archive.org/web/20050429152505/http://edition.cnn.com/WORLD/europe/9812/08/chechnya.01/,"Four Western hostages beheaded in Chechnya Clockwise from top left: Hickey, Shaw, Kennedy and Petschi December 8, 1998 Web posted at: 10:09 a.m. EDT (1009 GMT) GROZNY, Russia (CNN) -- The severed head...",Supported,v1,complete,false,,
row_54,History of Chechnya,170,1,"President Maskhadov started a major campaign against hostage-takers, and on 25 October 1998, Shadid Bargishev, Chechnya's top anti-kidnapping official, was killed in a remote controlled car bombing. Bargishev's colleagues then insisted they would not be intimidated by the attack and would go ahead with their offensive. Other anti-kidnapping officials blamed the attack on Bargishev's recent success in securing the release of several hostages, including 24 Russian soldiers and an English couple.",https://web.archive.org/web/20070630181656/http://www.pub.umich.edu/daily/1998/oct/10-26-98/news/news8.html,"39 captures 02 May 2001 - 29 Nov 2025 May JUN Jul 30 2006 2007 2008 success fail About this capture COLLECTED BY Organization: Alexa Crawls Starting in 1996, Alexa Internet has been donating their cra...",Supported,v1,complete,false,,
row_55,Dancing House,1,1,"Gehry originally called the house Ginger and Fred (after the dancers Ginger Rogers and Fred Astaire – the house resembles a pair of dancers),",http://www.prague.cz/dancing-house/,"Dancing House in Prague - ""Ginger and Fred"" The Dancing House is one of the most interesting Prague houses built at the end of the 20 th century. It represents a man and a woman, dancing together. I...",Supported,v1,complete,false,,
row_56,Dancing House,2,1,"but the nickname Ginger & Fred is now mainly used for the restaurant located on the seventh floor of the Dancing House Hotel.",https://www.dancinghousehotel.com/en/hotel-restaurant-prague/,"Restaurant Ginger & Fred The ultimate gourmet experience with a perfect view The irresistible combination of exquisite food, a stylish interior and a breathtaking panorama of Prague – that is the Ging...",Supported,v1,complete,false,,
row_57,Dancing House,3,1,"Gehry himself later discarded his own idea, as he was ""afraid to import American Hollywood kitsch to Prague"".",http://www.radio.cz/en/article/42866,"07/11/2003 On the corner of Resslova Street and Rasinovo nabrezi, about a hundred metres downriver from the National Theatre, stands the best known - and the most controversial - modern building in Pr...",Supported,v1,complete,false,,
row_58,Dancing House,5,1,"Dancers Fred Astaire and Ginger Rogers are represented in the structure. A tower made of rock is used to represent Fred. This tower also includes a metal head. A tower made of glass is used to represent Ginger.",https://www.prague.eu/en/object/places/1643/dancing-house-tancici-dum?back=1,"This pillar of modern architecture in Prague “danced” onto the Rašínovo Embankment in 1996. The project comes from the drawing board of world-renowned architects Vlado Milunić and Frank O. Gehry. Its ...",Supported,v1,complete,false,,
row_59,Dancing House,8,1,"In 2016, over the course of five months, two floors of the building were renovated and converted into a 21-room hotel by Luxury Suites s.r.o. The hotel also has apartments available in each of the towers named after Fred and Ginger. The Ginger & Fred Restaurant now operates on the seventh floor, and there is now a glass bar on the eighth floor and an art gallery in the building.",https://web.archive.org/web/20201005175524/https://prague.tv/en/s72/Directory/c207-Travel/n7074-Hotel-opens-in-Dancing-House,"The Wayback Machine - https://web.archive.org/web/20201005175524/https://prague.tv/en/s72/Directory/c207-Travel/n7074-Hotel-opens-in-Dancing-House Hotel opens in Dancing House Two floors of the landma...",Supported,v1,complete,false,,
row_60,Al Jazeera Media Network,112,1,"AJMN receives public funding from the Qatari government, and is chartered as a ""private foundation for public benefit"" under Qatari law.",https://web.archive.org/web/20230829155606/https://www.washingtonexaminer.com/news/al-jazeera-pushes-back-on-gop-effort-to-force-it-to-register-as-a-foreign-agent,"Al Jazeera pushed back Wednesday against Republican efforts to force the Qatar-based media outlet to register as a foreign agent. Six GOP senators and two GOP representatives sent a letter to the Just...",Partially supported,v1,complete,false,,
row_61,Al Jazeera Media Network,113,1,"AJMN receives public funding from the Qatari government, and is chartered as a ""private foundation for public benefit"" under Qatari law.",https://web.archive.org/web/20230815043330/https://www.hrw.org/legacy/campaigns/september11/aljazeera.htm,"The Wayback Machine - https://web.archive.org/web/20230815043330/https://www.hrw.org/legacy/campaigns/september11/aljazeera.htm U.S. Presses for Censorship of Jazeera TV October 15, 2001 The Bush Admi...",Partially supported,v1,complete,false,,
row_62,Al Jazeera Media Network,114,1,"The Qatar cabinet nominates the network's leaders, who are then appointed by the emir.",https://www.ebsco.com/research-starters/communication-and-mass-media/al-jazeera-tv,"...",Supported,v1,source_fetch_failed,true,,
row_63,Al Jazeera Media Network,116,1,"Some scholars and media outlets have argued that the government of Qatar has a degree of editorial influence over its content,",https://www.theguardian.com/media/2012/sep/30/al-jazeera-independence-questioned-qatar,"Al-Jazeera English newsroom in Doha, Qatar. Photograph: Fadi Al-Assaad/Reuters This article is more than 13 years old Al-Jazeera's editorial independence has been called into question after its direct...",Supported,v1,complete,false,,
row_64,Al Jazeera Media Network,18,1,"The original Al Jazeera Satellite Channel was launched on 1 November 1996 under an ""independent public corporation"" called ""The Al Jazeera Satellite Network"", founded by then-Emir of Qatar Hamad Bin Khalifa Al Thani.",http://web.archive.org/web/20230924034658/https://almeezan.qa/LawArticles.aspx?LawTreeSectionID=8584&LawID=2536&language=en,"Aug SEP Oct 24 2022 2023 2024 COLLECTED BY Collection: Common Crawl Web crawl data from Common Crawl. The Wayback Machine - http://web.archive.org/web/20230924034658/https://almeezan.qa/LawArticles.as...",Supported,v1,complete,false,,
row_65,Al Jazeera Media Network,27,1,"Al Jazeera's first day on air was 1 November 1996. It offered six hours of programming per day, which would increase to 12 hours by the end of 1997. It was broadcast to the immediate area as a terrestrial signal, and on cable, as well as through satellites (which was also free to users in the Arab world). 1 January 1999 was Al Jazeera's first day of 24-hour broadcasting.",https://web.archive.org/web/20150321050314/http://www.aljazeera.com/archive/2006/11/2008410115625813175.html,"November 1, 1996: Al Jazeera channel is launched, transmitting six hours a day. The station quickly becomes a phenomenon in the Arab world by offering its audiences freedom of thought, independence an...",Partially supported,v1,complete,false,,
row_66,Al Jazeera Media Network,30,1,"In 2005, the Qatari officials were reportedly so concerned by the intensity of the Bush administration's displeasure with Al Jazeera that they were considering selling it off. The same year, Qatar hired lobbying firm Barbour Griffith & Rogers, founded by Republican Haley Barbour, on a $300,000 contract to improve relations with the Bush administration and the Republican side of US politics. This PR campaign had a degree of success, reportedly, with Republicans eventually beginning to make appear",https://www.politico.com/story/2011/04/al-jazeera-has-fans-in-obama-wh-053339,"In the halls of American power, the Arab Spring has brought Al-Jazeera in from the cold. Seven years after then-Defense Secretary Donald Rumsfeld called the broadcaster’s reporting “vicious, inaccurat...",Supported,v1,complete,false,,
row_67,Hartford, Connecticut,28,1,"As the Puritan minister in Hartford, Thomas Hooker wielded a great deal of power; in 1638, he delivered a sermon that inspired the writing of the Fundamental Orders of Connecticut, which provided a framework for Connecticut's separation for Massachusetts Bay Colony and the formation of a civil government. The Fundamental Orders of Connecticut were the legal basis for Connecticut Colony until the 1662 royal charter granted to Connecticut by Charles II.",https://connecticuthistory.org/thomas-hooker-connecticuts-founding-father/,"Thomas Hooker: Connecticut’s Founding Father Detail from the title page of Thomas Hooker's book A Survey of the Summe of Church-Discipline, 1648 The man who became famous as the “father of Connecticut...",Supported,v1,complete,false,,
row_68,Hartford, Connecticut,29,1,"The original settlement area contained the site of the Charter Oak, an old white oak tree in which colonists hid Connecticut's Royal Charter of 1662 to protect it from confiscation by an English governor-general. The state adopted the oak tree as the emblem on the Connecticut state quarter. The Charter Oak Monument is located at the corner of Charter Oak Place, a historic street, and Charter Oak Avenue.",https://web.archive.org/web/20140728110520/http://connecticuthistory.org/the-charter-oak-fell/,"Categories: Environment, Folklore, Hartford The Charter Oak before its fall - Connecticut Historical Society and Connecticut History Online On August 21, 1856, the Charter Oak, a noted landmark and sy...",Partially supported,v1,complete,false,,
row_69,Hartford, Connecticut,30,1,"On December 15, 1814, delegates from the five New England states (Maine was still part of Massachusetts at that time) gathered at the Hartford Convention to discuss New England's possible secession from the United States.",https://web.archive.org/web/20170507231518/https://www.britannica.com/event/Hartford-Convention,"Hartford Convention, (December 15, 1814–January 5, 1815), in U.S. history, a secret meeting in Hartford, Connecticut, of Federalist delegates from,,,, and who were dissatisfied with Pres. James Madiso...",Supported,v1,complete,false,,
row_70,Nasry Asfura,32,1,"The case continued until 15 December 2025, when the Supreme Court fully annulled all charges against Asfura and Cruz.",https://www.elheraldo.hn/honduras/corte-apelaciones-admite-recurso-apelacion-alcalde-nasry-tito-asfura-corrupcion-GXEH1467634,"{ ""@context"": ""https://schema.org"", ""@type"": ""NewsArticle"", ""mainEntityOfPage"": ""https://www.elheraldo.hn/honduras/corte-apelaciones-admite-recurso-apelacion-alcalde-nasry-tito-asfura-corru...",Not supported,v1,complete,false,,
row_71,Liberation Tigers of Tamil Eelam,52,1,"In April 1984, the LTTE formally joined a common militant front, the Eelam National Liberation Front (ENLF), a union between LTTE, TELO, EROS, PLOTE and EPRLF.",https://web.archive.org/web/20110919182250/http://countrystudies.us/sri-lanka/72.htm,"The de facto policies of preference that the Sri Lankan government adopted in order to assist the Sinhalese community in such areas as education and public employment affected most severely middle cla...",Partially supported,v1,complete,false,,
row_72,Battle of Sokhumi (1992),4,1,"On 23 July 1992, the Abkhaz faction of Abkhazia's legislative body, Supreme Council, announced its sovereignty from Georgia. However, this decision was taken without necessary quorum as the Georgian faction of the Supreme Council had boycotted the session. To respond to this situation, Eduard Shevardnadze, new leader of Georgia, had interrupted his trip to Western Georgia, where the Civil War had been going on between his government and supporters of former President, Zviad Gamsakhurdia, ousted ",https://www.upi.com/Archives/1992/07/25/New-ethnic-dispute-in-Georgia/7680712036800/,"MOSCOW -- Georgian leader Eduard Shevardnadze cut short his tour of western Georgia to return to the capital Tbilisi where an emergency session of the ruling council Saturday declared illegal an ethni...",Partially supported,v1,complete,false,,
row_73,Battle of Sokhumi (1992),7,1,"The rebels proceeded to take the hostages to an unknown hiding-place in Abkhazia. The Georgian troops entered Abkhazia to free hostages, but also to enforce security at unprotected railroads, since the area was only loosely controlled by the government due to insurgency and the railroads were often robbed by unknown bands in that location, with one out of every 10 trains being targeted on average.",https://web.archive.org/web/20231217195959/https://www.nytimes.com/1992/08/25/world/as-georgia-chief-shevardnadze-rides-whirlwind.html,"Credit...The New York Times Archives See the article in its original context from August 25, 1992, Section A, Page 3 Buy Reprints View on timesmachine TimesMachine is an exclusive benefit for home del...",Partially supported,v1,complete,false,,
row_74,Freedom Flotilla II,70,1,"On 16 July, the French yacht Dignité Al Karama left the Greek island of Kastellorizo after informing Greek authorities that its destination was the Egyptian port of Alexandria.",http://www.smh.com.au/world/egypt-to-assist-international-gaza-flotilla-20110627-1gnf1.html?from=smh_sb,"EGYPT has agreed to allow an international flotilla targeting Israel's maritime blockade of the Gaza Strip to unload its cargo at the nearby port of El-Arish and transfer it into the Palestinian encla...",Not supported,v1,complete,false,,
row_75,First Chechen War,61,4,"According to various estimates, the number of Chechens who are dead or missing is between 50,000 and 100,000.",https://web.archive.org/web/20021228053504/http://www.hrvc.net/htmls/references.htm,"The Wayback Machine - https://web.archive.org/web/20021228053504/http://www.hrvc.net:80/htmls/references.htm References & Notes [0] In particular, the June 8, 1977 Protocol II to the Geneva Convention...",Not supported,v1,complete,false,,
row_76,Second Congo War,64,1,"In 2002, Rwanda's situation in the war began to worsen. Many members of the RCD either gave up fighting or decided to join Kabila's government. Moreover, the Banyamulenge, the backbone of Rwanda's militia forces, became increasingly tired of control from Kigali and the unending conflict.",https://web.archive.org/web/20210514093418/https://www.hrw.org/report/2002/08/20/war-crimes-kisangani/response-rwandan-backed-rebels-may-2002-mutiny,"August 2002 Vol. 14, No 6 (A) DEMOCRATIC REPUBLIC OF CONGO I.WAR CRIMES IN KISANGANI The Response of Rwandan-backed Rebels to the May 2002 Mutiny I. SUMMARY In mid-May 2002 soldiers and police officer...",Not supported,v1,complete,false,,
row_77,Gaza war,739,1,"India launched Operation Ajay to evacuate its citizens.",https://www.ndtv.com/india-news/israel-gaza-war-israel-hamas-war-indians-in-israel-operation-ajay-operation-ajay-first-flight-to-evacuate-indians-from-israel-tonight-4473665,"...",Not supported,v1,source_fetch_failed,true,,
row_78,Agnes Gund,6,1,"to Jessica Roesler Gund, and George Gund II.",https://czudejmcdonough.com/entry/the-collector-agnes-gund/,"The Collector: Agnes Gund Authors: Tobias Czudej, Susan McDonough 09.24.2025 Agnes Gund was a collector and patron who championed contemporary arts, uplifted marginalized artists, and treated philanth...",Partially supported,v2,complete,false,,
row_79,Arlo Hemphill,4,1,"His educational background is in marine biology, and Hemphill is best known for his involvement in regional-scale ocean conservation. He is a founding steering committee member of the Deep Sea Conservation Coalition,",https://pulitzercenter.org/stories/sales-pitch-pivot-brings-deep-sea-mining-closer-reality,"Translate page with Google English Project Deep-Sea Mining’s Race to the Bottom As companies and governments rush to mine the sea, geopolitical tensions rise and the ocean's future... Multiple Authors...",Not supported,v2,complete,false,,
row_80,Central Bank of Sri Lanka bond scandal,40,1,"A key issue in the motion was the Prime Minister's alleged interference in the Central Bank.",https://www.straitstimes.com/asia/south-asia/sri-lankan-pm-ranil-wickremesinghe-survives-no-confidence-vote,"COLOMBO (REUTERS) - Sri Lankan Prime Minister Ranil Wickremesinghe on Wednesday (April 4) survived a no confidence vote in parliament after a majority of legislators voted to support his coalition gov...",Not supported,v2,complete,false,,
row_81,Gary Graffman,7,1,"In 1985 he gave the UK premiere of Erich Wolfgang Korngold's Piano Concerto in C-sharp for the Left Hand. Paul Wittgenstein had commissioned the work in the 1920s and played it many times, but it later slipped from the repertoire.",https://web.archive.org/web/20100502065432/http://www.left-hand-brofeldt.dk/Catalogue_k.htm,"The Wayback Machine - https://web.archive.org/web/20100502065432/http://www.left-hand-brofeldt.dk:80/Catalogue_k.htm A B C D E F G H I J K L M N O P Q R S T U V W X Y Z � � � K (No portrait) Alfred (d...",Not supported,v2,complete,false,,
row_82,Herzliya Hebrew Gymnasium,5,1,"Joseph Constant, sculptor and writer",https://web.archive.org/web/20131203032611/http://www.artnet.com/artwork/426130176/117181/yitzhak-frenkel-frenel-a-house-in-safed.html,"This artwork, A House in Safed by Yitzhak Frenkel-Frenel, is currently for sale at Jordan-Delhaise Gallery. Find comprehensive details on this artwork below, contact the gallery from this page, or bro...",Not supported,v2,complete,false,,
row_83,Justice Mission-2025,5,1,"Retired Australian Army Major General Mick Ryan characterized China's naval exercises around Taiwan as a rehearsal for an invasion.",https://mickryan.substack.com/p/justice-mission-2025-is-a-golden,"Source: PLA Eastern Theatre Command Authoritative PLA texts published since 2022 emphasize enhancing the aggressiveness of the military strategic guidelines, noting that the PLA must take the initiati...",Partially supported,v2,complete,false,,
row_84,Kai Cenat,24,1,"Cenat is Catholic.",https://www.billboard.com/culture/pride/kai-cenat-blasts-lil-nas-x-1235580054/,"A few things are fundamentally true about the world: The sky is blue, grass is green and Lil Nas X is an expert troll. Now, the “Call Me By Your Name” singer is catching the ire of Twitch streamer Kai...",Not supported,v2,complete,false,,
row_85,Málaga–Almería road massacre,4,1,"Those who reached Almería were largely rejected by the city’s citizens out of fear of the encroaching Nationalist forces. Those who declined to evacuate Málaga (approximately 4,000 people) were systematically rounded-up, raped, killed, and piled into mass graves, such as the San Rafael Cemetery.",https://web.archive.org/web/20150226155216/http://geoffreybillettphotography.com/blog/spanish-civil-war-san-jose-cemetery-malaga/,"San Rafael cemetery can be found on the western edges of Malaga, almost as far west as the airport. It is no longer in use and is locked. A high wall of concrete, stone, metal and brick surrounds it. ...",Partially supported,v2,complete,false,,
row_86,National Resistance Front,30,1,"Massoud also highlighted the NRF's operational shift to guerrilla warfare due to the Taliban seizing approximately $8 billion worth of sophisticated U.S. military equipment during the withdrawal.",https://www.voanews.com/a/afghan-insurgent-groups-step-up-attacks-political-campaign-against-taliban-/7386099.html,"Two Afghan insurgent groups, made up mainly of former government and military officials, claim to have killed at least 50 Taliban officials and soldiers during November. The hit-and-run insurgency has...",Not supported,v2,complete,false,,
row_87,Salaam-e-Ishq,8,1,"It was the unofficial remake of Hollywood film Love Actually. While the original had ten stories, the film had only six love stories.",https://web.archive.org/web/20220625204303/https://www.vh1.com/news/tar26a/unknown-facts-love-actually,"As the tenth anniversary of the theatrical release of Love Actually nears, VH1 takes a look back on the now classic holiday film. After talking with cast members and digging through old interviews, we...",Not supported,v2,complete,false,,
row_88,Tim Kask,14,1,"Kask died after a short illness on December 30, 2025, at the age of 76.",https://www.enworld.org/threads/tim-kask-tsrs-first-employee-passes-at-age-76.716970/,"Upgrade your account to a Community Supporter account and remove most of the site ads. The very first full-time employee of TSR, the company which created D&D, passed away last night after a sudden il...",Supported,v2,complete,false,,
row_89,University of York,128,1,"University Radio York (URY) is the oldest independent radio station in the United Kingdom and winner of the Student Radio Awards Best Station Award 2020.",https://web.archive.org/web/20081006220201/http://ury.york.ac.uk/about.php,"The Wayback Machine - https://web.archive.org/web/20081006220201/http://ury.york.ac.uk:80/about.php Schedule URY is currently off-air ((URY)) On Vacation See last term's schedule Coming up... No Shows...",Partially supported,v2,complete,false,,
row_90,Ajnad al-Sham,19,1,"In June, Ajnad al-Sham along with more rebel groups led a new jihadist assault in the southern Aleppo countryside, targeting the villages of Khalsah and Zeitain, controlled pro-government forces, leaving near 86 soldiers killed. The rebels initially captured Zeytan, whilst heavy fighting continued in Khalsah.",https://www.moroccoworldnews.com/2016/06/189028/at-least-70-fighters-killed-in-aleppo-clashes,"Beirut – At least 70 fighters have been killed in less than 24 hours of bloody clashes between pro-regime forces, extremists and rebels in Syria’s Aleppo province, a monitor said Wednesday. Pro-regime...",Not supported,v2,complete,false,,
row_91,Al-Jabal Brigade,7,1,"The brigade has faced accusations of human rights abuses, including repression of protests and forced conscription. Local activists have criticized its role in undermining civil liberties within al-Suwayda.",https://www.alarabiya.net/amp/arab-and-world/syria/2024/07/17/%D8%B3%D9%88%D8%B1%D9%8A%D8%A7-%D9%85%D9%82%D8%AA%D9%84-%D9%82%D8%A7%D8%A6%D8%AF-%D9%84%D9%88%D8%A7%D8%A1-%D8%A7%D9%84%D8%AC%D8%A8%D9%84-%D9%85%D8%B1%D9%87%D8%AC-%D8%A7%D9%84%D8%AC%D8%B1%D9%85%D8%A7%D9%86%D9%8A-%D9%81%D9%8A-%D8%A7%D9%84%D8%B3%D9%88%D9%8A%D8%AF%D8%A7%D8%A1-,"عملية الاغتيال جرت برصاصة واحدة أطلقت عليه من مسافة قريبة من إحدى نوافذ منزله سوريا قتل قائد فصيل محلي في محافظة السويداء السورية، صباح الأربعاء، وذكرت التحقيقات الأولية بإقدام مجهولين على قتله داخل م...",Not supported,v2,complete,false,,
row_92,C. B. Forrest,1,1,"His poetry has appeared in various publications, such as Contemporary Verse 2, Bloodlotus Journal, Bywords Quarterly Journal, and Ascent Aspirations, and has earned praise from writers such as George Elliott Clarke and Stephen Reid.""",http://cbforrest.com/?page_id=9,"CB-Forrest-Author-Logo Reach out to C.B. Forrest on Twitter – @cbforrest. Get in Touch Connect Please follow or message C.B. Forrest on Twitter. Twitter Hours Direct message replies on Twitter: Mon-Fr...",Not supported,v2,complete,false,,
row_93,Clinton, Washington,9,1,"The economy of Clinton, along with the surrounding Island County, is driven by a combination of tourism, service industries, agriculture, and small-scale manufacturing. Outdoor activities, such as boating, hiking, and beach activities, draw visitors to the area.",https://www.commerce.wa.gov/key-sectors/,"Washington’s economy is vibrant and full of transformational entrepreneurs who changed the way we do business across the globe. With more than a half million businesses in the state, we truly offer so...",Not supported,v2,complete,false,,
row_94,Croydon,23,1,"A new church was designed by Sir George Gilbert Scott, one of the greatest architects of the Victorian age, and opened in 1870. His design loosely followed the previous layout, with knapped flint facing and many of the original features, including several tombs. Croydon Parish Church is the burial place of six Archbishops of Canterbury: John Whitgift, Edmund Grindal, Gilbert Sheldon, William Wake, John Potter and Thomas Herring. Historically part of the Diocese of Canterbury, Croydon is now in t",https://web.archive.org/web/20120324190450/http://www.croydonminster.org/about-us,"The Wayback Machine - https://web.archive.org/web/20120324190450/http://www.croydonminster.org/about-us A Living Past and a Growing Future If you want to help us support Croydon Minster, you can donat...",Not supported,v2,complete,false,,
row_95,Electric energy consumption,3,1,"The global electricity consumption in 2022 was 24,398 terawatt-hour (TWh), almost exactly three times the amount of consumption in 1981 (8,132 TWh).",https://www.iea.org/reports/electricity-information-overview/electricity-consumption,"In 2019, world total electricity final consumption reached 22 848 TWh, up 1.7% from 2018. In 2019, OECD total electricity final consumption was 9 672 TWh, 1.1% lower than in 2018, while final electric...",Partially supported,v2,complete,false,,
row_96,Finley Welch,6,1,"On 6 March 2024, Welch made his senior debut for the club, replacing Ashley Barnes as a late substitute in a 3–1 Championship defeat to Middlesbrough.",https://www.bbc.co.uk/sport/football/68420958,"Emmanuel Latte Lath Middlesbrough produced an impressive comeback at the Riverside Stadium to beat a 10-man Norwich side and move nine points clear of the Championship drop zone.Michael Carrick's men ...",Not supported,v2,complete,false,,
row_97,Georgia Shreve,7,1,"Shreve's literary works have been featured in The New Yorker, The New Republic, and The New Criterion.",https://www.newyorker.com/magazine/1994/01/31/last-acts,"SHE was used to travelling but she performed mainly in big cities and didn’t have to fly in small planes like this, so she was relieved when they finally touched down on the icy runway. She pulled her...",Partially supported,v2,complete,false,,
row_98,John Zogby,6,1,"John Zogby was born on September 3, 1948, and grew up in Utica, New York, where he still lives. He is the son of Lebanese Catholic immigrants. His brother, James Zogby, is the founder of the Arab American Institute. He graduated from Notre Dame Junior Senior High School. Zogby received a bachelor's degree in history from Le Moyne College in 1970 and a master's degree in history from Maxwell School of Citizenship and Public Affairs at Syracuse University in 1974. He completed doctoral work (all b",https://www.forbes.com/sites/pamdanziger/2017/10/14/the-new-american-dream-home-americans-search-for-smaller-scale-more-livable-homes/?sh=3060c4774af7,"This article is more than 8 years old. Cabin in woods Cara Fuller, Unsplash Back in 2008 John Zogby, author, founder of the Zogby International Poll and a fellow Forbes.com contributor, predicted a se...",Not supported,v2,complete,false,,
row_99,Latin music,90,1,"It was not until the 1950s and 1960s that Latin Music started to become intertwined with American culture.",https://mn2s.com/news/features/from-reggaeton-to-riches-inside-latin-musics-global-takeover/,"Latin genres such as reggaeton, cumbia, bachata, and merengue have fused with North American trap and urban music to dominate the global pop scene.If you were going to pinpoint the moment that Latin m...",Not supported,v2,complete,false,,
row_100,Mohammad Abdul Rahman,2,1,"and the Minister of Interior in the Syrian transitional government since December 2024.",https://www.independentarabia.com/node/613575/%D8%B3%D9%8A%D8%A7%D8%B3%D8%A9/%D9%85%D8%AA%D8%A7%D8%A8%D8%B9%D8%A7%D8%AA/%D9%85%D8%AD%D9%85%D8%AF-%D8%A7%D9%84%D8%A8%D8%B4%D9%8A%D8%B1-%D8%B1%D8%B3%D9%85%D9%8A%D8%A7-%D8%B1%D8%A6%D9%8A%D8%B3-%D8%A7%D9%84%D8%AD%D9%83%D9%88%D9%85%D8%A9-%D8%A7%D9%84%D8%A7%D9%86%D8%AA%D9%82%D8%A7%D9%84%D9%8A%D8%A9-%D9%81%D9%8A-%D8%B3%D9%88%D8%B1%D9%8A%D8%A7-%D8%AD%D8%AA%D9%89-%D9%85%D8%A7%D8%B1%D8%B3-2025,"ملخص قال المتحدث باسم وزارة الخارجية الأميركية ماثيو ميلر في إفادة صحافية إن الوزير أنتوني بلينكن بحث اليوم مع نظرائه من الأردن والإمارات وقطر ومصر الوضع في سوريا. أعلن الجيش الإسرائيلي اليوم الثلاثاء...",Not supported,v2,complete,false,,
row_101,Nasrin Sotoudeh,48,1,"However, it has been since extended indefinitely.",https://iranprimer.usip.org/blog/2020/aug/12/nasrin-sotoudeh-speaks-prison,"Born in 1963, Nasrin Sotoudeh has been a vocal critic of Iran’s judicial process, treatment of women, and death penalty. She has represented Nobel Prize winner Shirin Ebadi as well as women’s rights a...",Not supported,v2,complete,false,,
row_102,Ohio University,18,1,"and classified among ""R1: Doctoral Universities – Very high research activity"".",https://web.archive.org/web/20201101153052/https://carnegieclassifications.iu.edu/lookup/view_institution.php?unit_id=204857,"Home > Institution Lookup > Results back | start over Ohio University-Main Campus Athens, Ohio The classifications and institutional information provided on this page and used throughout the site refl...",Partially supported,v2,complete,false,,
row_103,Rashmika Mandanna,96,1,"Varisu and Animal rank among the highest-grossing Indian films of all time, with the latter grossing over ₹9 billion (US$95 million).",https://web.archive.org/web/20231207180451/https://economictimes.indiatimes.com/magazines/panache/animal-is-out-for-blood-ranbir-kapoors-film-crosses-rs-425-cr-globally-in-4-days/articleshow/105776489.cms?from=mdr,"The Ranbir Kapoor-starrer is currently unstoppable at the box-office.This ‘ Animal ’ is on a rampage! The Ranbir Kapoor-starrer is currently unstoppable at the box-office. The gory action drama has fi...",Not supported,v2,complete,false,,
row_104,Rax Roast Beef,35,1,"As of December 2024, the company operates six locations: one in Illinois, one in Kentucky, and four in Ohio.",https://www.sciotopost.com/only-a-handful-of-rax-restaurants-are-still-open-most-of-them-are-in-southern-ohio,"CIRCLEVILLE – Rax Roast beef restaurants were much like Arbys back in the 80s and 90s but where one became a huge giant the other shrunk to only a handful of stores, one that still exists is right her...",Not supported,v2,complete,false,,
row_105,Richard Harris,41,1,"Harris's body was cremated, and his ashes were scattered in The Bahamas, where he owned a home.",http://news.bbc.co.uk/2/hi/entertainment/2361801.stm,"Obituary: Richard Harris Richard Harris: Wild and passionate actor Despite a career which spanned six decades, the Irish actor, Richard Harris was as renowned for his hell-raising lifestyle as for his...",Not supported,v2,complete,false,,
row_106,Story of the Eye,1,1,"Story of the Eye (French: Histoire de l'œil) is a 1928 novella written by Georges Bataille as Lord Auch (literally, Lord ""to the shithouse"" — ""auch"" being short for ""aux chiottes"", slang for telling somebody off by sending him to the toilet), that details the increasingly bizarre sexual perversions of a pair of teenage lovers, including an early depiction of omorashi fetishism in Western literature. It is narrated by the young man looking back on his exploits. In 1940 an edition of Histoir",https://web.law.duke.edu/cspd/publicdomainday/2024/,"Public Domain Day 2024 Update: see what's entering the public domain on January 1, 2025! Tweet January 1, 2024 is Public Domain Day: Works from 1928 are open to all, as are sound recordings from 1923!...",Not supported,v2,complete,false,,
row_107,Sue Fennessy,6,1,"In 2009, Fennessy founded and became CEO of Standard Media Index (SMI), leading the company until 2014.",https://www.adweek.com/tag/Standard-Media-Index/,"Subscribe Sign In Agencies Brands Creativity Media TV Commerce Tech Sort by: Most Recent Most Popular Here’s How Much It Cost to Advertise on Fox News, CNN and MSNBC in 2017 TV Biz By A.J. Katz Decemb...",Not supported,v2,complete,false,,
row_108,The Phoenix (magazine),8,1,"The magazine secures much of its material from ""insider"" sources, and promotes contact with its Goldhawk phone line.",https://centralbank.ie/consumer-hub/explainers/what-is-financial-regulation-and-why-does-it-matter,"Explainer - What is financial regulation and why does it matter? A well-functioning financial system is vital for the economy, businesses and consumers. Financial regulation is part of ensuring the sa...",Not supported,v2,complete,false,,
row_109,Wes Olson,2,1,"Olson researched the loss of HMAS Sydney in World War II for nearly a decade before publication of his first book in 2000 by UWA Publishing,",https://www.awm.gov.au/collection/LIB100046418,"HMAS Sydney (II) : in peace and war / Wes Olson. H.M.A.S. Sydney (II) : in peace and war Collection type Library Author Olson, Wesley, 1960-, author.; Call Number 940.545994 O52h Document type Unit Hi...",Not supported,v2,complete,false,,
row_110,You'll Never Know,2,1,"The song is based on a poem written by a young Oklahoma war bride named Dorothy Fern Norris.",http://www.thepeaches.com/music/frank/YoullNeverKnow.htm,"Track Title: You'll Never Know Album Title: The Columbia Years, 1943-1952, Vol. 1 Prime Artist: Frank Sinatra Lyrics by: Mack Gordon Music by: Harry Warren Originally made famous by: Alice Faye From t...",Not supported,v2,complete,false,,
row_111,Zealandia (wildlife sanctuary),13,1,"Construction of the fence was completed in late 1999 and all mammalian pests within the perimeter were then eradicated over a nine-month period. This predator-proof fence is of great conservation significance, being a world first design to bar all terrestrial mammals from mouse size up.",https://www.bbc.co.uk/nature/programmes/tv/state_planet/intro.shtml,"...",Not supported,v2,source_fetch_failed,true,,
row_112,Aida Turturro,3,1,"Since 2013, she has guest-starred in several episodes of Law & Order: Special Victims Unit as Judge Felicia Catano.",https://www.nbc.com/nbc-insider/sopranos-star-aida-turturro-law-order-svu-role,"For nearly three decades and counting, Law & Order: Special Victims Unit has been a glimmering beacon for dynamite guest stars, and Aida Turturro never fails to steal the spotlight when she crosses pa...",Partially supported,v3,complete,false,,
row_113,Fireworks policy of the United States,5,1,"The primary reasons for the decrease in injury when looking at the amount of fireworks consumed are a result of an increase in firework testing and governmental policy that targeted violations of standards and illegal fireworks.",https://www.cpsc.gov/Newsroom/News-Releases/1988/FEDERAL-OFFICIALS-ANNOUNCE-SEIZURE-OF-MILLIONS-OF-ILLEGAL-IMPORTED-FIREWORKS-DURING-OPERATION-MIDWEST-THUNDER,"Share: Share it on Facebook Share it on Twitter Copy Link Copy link Release Date: May 10, 1988 Consumer Product Safety Commission (CPSC) Chairman Terrence Scanlon today announced the seizure of nearly...",Partially supported,v3,complete,false,,
row_114,The Orphan (1920 film),2,1,"The American Film Institute cites 6 contemporary reviews of the film.",https://catalog.afi.com/Film/17850-THE-ORPHAN?cxt=filmography,"Cast: William Farnum, Louise Lovely, Henry J. Hebert [ More ] Director: J. Gordon Edwards Writer: Roy Somerville Production Company: Fox Film Corp. Full page view HISTORY Some scenes in this film were...",Supported,v3,complete,false,,
row_115,Benjamin Crump,96,1,"Later, in December 2025, a Gadsden County jury awarded a $779 million verdict to Butler's family.",https://www.tallahassee.com/story/news/local/2025/12/09/gadsden-jury-returns-779m-award-over-internet-cafe-death/87687554007/,"TaMaryn Waters Tallahassee Democrat Dec. 9, 2025, 3:45 p.m. ET A Gadsden County jury awarded a $779 million verdict to the family of a security guard killed at an internet gambling cafe.The wrongful d...",Supported,v3,complete,false,,
row_116,Black Lives Matter movement in popular culture,9,1,"Still, the movement’s measurable impact on the political and legal landscape is undeniable.",https://www.aclu.org/news/racial-justice/how-black-lives-matter-changed-way-americans-fight,"Frank Leon Roberts, activist, writer, and creator of The Black Lives Matter Syllabus UPDATE: Please see a message from the author at the bottom of this article. Freedom fighters around the globe comme...",Supported,v3,complete,false,,
row_117,List of Khatris,44,1,"Rajesh Khanna, Indian actor",https://www.filmfare.com/features/rajesh-khannas-rooh-is-still-in-aashirwad-9782.html,"There are thespians. There are legends. There are superstars. But there was only one Phenomenon in the Hindi film industry. Amidst the rugged machismo and stylised manoeuvres of male heroes, came a ge...",Supported,v3,complete,false,,
row_118,Adas Israel Congregation (Washington%2C D.C.),6,1,"Adas Israel has played an important role in the nation's capital since its founding.",https://capitaljewishmuseum.org/a-witness-to-history-145-years-in-the-making/#:~:text=On%20a%20hot%20June%20day,a%20new%20set%20of%20stories.,"Historic sites don’t just teach us about history, they allow us to experience the past. By walking through the doors stories come to life, you become a character and you’re witnessing history through ...",Supported,v3,complete,false,,
row_119,Oscar Longoria,3,2,"At the time, he was a member of the House General Investigating Committee, which brought the charges of misconduct against Paxton leading to his impeachment in the Texas House.",https://www.texastribune.org/2023/06/01/ken-paxton-impeachment-house-managers/,"Sign up for The Brief, The Texas Tribune’s daily newsletter that keeps readers up to speed on the most essential Texas news. The 12-member team that will make the Texas House’s case for impeaching sus...",Supported,v3,complete,false,,
row_120,A Measure of Shape and Sounds,1,1,"It was released on September 20, 2024, through Hopeful Tragedy Records.",https://alexhenryfoster.com/releases/a-measure-of-shape-and-sounds/,"Following Kimiyo, what would eventually become the second chapter of Voyage à la Mer, A Measure of Shape and Sounds, is an intimate journey of its own, representing a profound personal breathe-in made...",Supported,v3,complete,false,,
row_121,Pipeworks Studios,17,1,"Wu-Tang: Rise of the Deceiver",https://www.pipeworks.com/wu-tang-rise-of-the-deceiver/,"Restore Shaolin. Protect Ya Neck. Restore Shaolin. Protect Ya Neck. Restore Shaolin. Protect Ya Neck. Pipeworks Studios is proud to have been a trusted development partner on Wu-Tang: Rise of the Dece...",Supported,v3,complete,false,,
row_122,Alexander Muss High School in Israel,3,1,"Alexander Muss prioritizes safety for their students and works directly with trusted Israeli security authority which is employed by the Ministry of Education who is in constant contact with the IDF and Police.",http://www.amhsi.org/safety,"THE SAFETY AND SECURITY OF YOUR TEEN IS OUR TOP PRIORITY WE HAVE A NUMBER OF ELEMENTS IN PLACE TO ENSURE YOUR CHILDREN ARE PROTECTED.Campus: Both of our Alexander Muss High School in Israel Campuses a...",Supported,v3,complete,false,,
row_123,Hampshire County Cricket Club,43,1,"In September 2025, it was confirmed that Adrian Birrell would leave his position as head coach after seven years.",https://www.bbc.com/sport/cricket/articles/c2ejgg01320o,"Hampshire coach Adrian Birrell poses for a portrait during a Hampshire photo call at The Ageas Bowl Hampshire men's head coach Adrian Birrell will leave the club at the end of the season. The 64-year-...",Supported,v3,complete,false,,
row_124,BRP Inc.,22,1,"In December 2025, it was announced that Denis Le Vot would be succeeding José Boisjoli as President and Chief Executive Officer.",https://news.brp.com/news-releases/news-release-details/brp-announces-appointment-denis-le-vot-president-and-chief,"...",Supported,v3,source_fetch_failed,true,,
row_125,Corrado Cagli,3,1,"In 1932, he held his first personal exhibition at the Gallery of Art of Rome.",https://www.museonovecento.it/en/mostre/corrado-cagli-artista-copernicano/,"From 17 June to 2 November 2022 the Museo Novecento hosts Corrado Cagli. Copernican Artist, an exhibition curated by Eva Francioli, Francesca Neri and Stefania Rispoli. Exhibition Hours Museo Novecent...",Supported,v3,complete,false,,
row_126,Bentleigh Secondary College,11,1,"The college offers a variety of leadership opportunities for students.",https://www.bentleighsc.vic.edu.au/page/201/Student-Leadership,"Student Leadership At Bentleigh Secondary College, we actively promote student leadership and student voice. Students are encouraged to take on responsibility, contribute to school life and have a gen...",Supported,v3,complete,false,,
row_127,Adam Silvera,43,1,"In May 2025, the New York Times Children’s and Young Adult Series Best Sellers list included Silvera’s Death-Cast series among the top-selling book series in the United States, demonstrating continued interest in the novels and their cultural presence beyond their initial release periods.",https://www.nytimes.com/books/best-sellers/2025/05/25/series-books/,"Children’s & Young Adult Series - May 25, 2025 This copy is for your personal, noncommercial use only.Children’s & Young Adult Series When you purchase an independently ranked book through our site, w...",Partially supported,v3,complete,false,,
row_128,Murder of Laken Riley,74,1,"Republicans should be ashamed of exploiting this tragedy for their dangerous political games. She subsequently voted against the Laken Riley Act.",https://clerk.house.gov/Votes/202523,"XML View Jan 22, 2025, 05:01 PM | 119th Congress, 1st Session On Passage Laken Riley Act Yea-And-Nay Passed VOTES 263 156 0 14 Votes by party votes by party Party Yeas Nays Present Not Voting Republic...",Partially supported,v3,complete,false,,
row_129,Adhesive capsulitis of the shoulder,8,1,"Any movement, especially rapid or unguarded movement, can aggravate the pain.",https://pubmed.ncbi.nlm.nih.gov/19589853,"Abstract Background: Adhesive capsulitis often is difficult to diagnose in its early stage and to differentiate from other commonly seen shoulder disorders with the potential to cause pain and limited...",Supported,v3,complete,false,,
row_130,The Document Foundation,32,2,"It defines itself as a home for the growing community of developers united to free users from vendor lock-in of content.",http://www.documentliberation.org/,"The Document Liberation Project is a home for the growing community of developers united to free users from vendor lock-in of content. Watch our video: WebM, YouTube (music by airtone) The situation M...",Supported,v3,complete,false,,
row_131,Andrew Stone%2C Baron Stone of Blackheath,8,1,"In December 2024, the House of Lords recommended that Lord Stone be suspended for six months after finding that he had bullied parliamentary security staff after he had left his suitcase unattended next to a parliamentary estate entrance.",https://www.bbc.co.uk/news/articles/cql569v0pq2o,"Lady Catherine Meyer holds her Commander of the British Empire (CBE) medal after a ceremony at Buckingham Palace in 2013 A baroness who called a peer of Indian origin ""Lord Poppadom"" is facing a sus...",Supported,v3,complete,false,,
row_132,Air hockey,4,1,"Based on polo, two players moved miniature motorbikes around inside a cabinet, with each player attempting to knock the balls into the opponent's goal.",https://www.famitsu.com/news/202006/28200872.html,"2020年6月3日に設立60周年を迎えたセガ。 広告 このたび、セガ60周年記念企画としてセガをよく知る人々に、セガはどんな会社なのか、セガをセガたらしめているもの、セガへの愛着について尋ねるインタビューを実施した。 本稿ではアーケードタイトル開発者の吉本昌男氏と大崎誠氏のインタビューをお届けする。 アーケードタイトル開発者が語る、セガ挑戦の歴史 セガ60周年スペシャルインタビュー。伝説の筐体R3...",Supported,v3,complete,false,,
row_133,Paul Bettencourt,6,1,"In December 2008, Bettencourt stepped down from his role shortly after winning reelection, and a day after the Democratic Party levied these allegations.",https://abc13.com/archive/6547770/,"HOUSTON [SIGN UP: Get headlines and breaking news sent to you] He decided to step down shortly after winning re-election. The Texas Democratic Party says Bettencourt quit the day after it decided to t...",Supported,v3,complete,false,,
row_134,Tehemton Erach Udwadia,8,1,"He has shared his experience through his book- More than just surgery.",https://www.amazon.in/More-than-Just-Surgery-Lessons/dp/0670096512,"Click the button below to continue shopping Conditions of Use & Sale Privacy Notice © 1996-2025, Amazon.com, Inc. or its affiliates...",Supported,v3,complete,false,,
row_135,Janet M. Baker,5,1,"There, she completed her doctoral training and collaborated on foundational statistical approaches to speech recognition.",https://www.technologyreview.com/1998/09/01/236899/enter-the-dragon/,"“Every building has its claim to fame,” says Janet Baker as she leads me around a three-story brick building that sits on a hill overlooking Boston. Once a mill, this building has been cleaned, renova...",Supported,v3,complete,false,,
row_136,2025 NFL season,293,1,"Only to make the team feel uneasy and are feeling the strong need to have a strong finish.",https://www.nbcnews.com/sports/nfl/aaron-rodgers-pittsburgh-steelers-nfl-rcna246696,"Pittsburgh Steelers head coach Mike Tomlin, in the middle of his 19th season leading the team, has famously never finished with a record under.500.But on Sunday, during the Steelers’ 26-7 loss to the ...",Supported,v3,complete,false,,
row_137,Arup Group,58,1,"LaGuardia Airport, United States, 2025",https://www.arup.com/en-us/projects/deltas-new-terminal-c-at-lga/,"Location New York, USA Markets , Clients Delta Air Lines New York’s LaGuardia Airport (LGA) had long been known for its outdated infrastructure and low customer satisfaction rates. Arup partnered with...",Partially supported,v3,complete,false,,
row_138,Raul Campillo,9,1,"Raul is known to be a strong proponent of Flock Safety ALPR cameras and has publicly defended the technology's effectiveness despite considerable concerns from labor, student and community groups in San Diego such as the American Civil Liberties Union, San Diego and Imperial County Labor Council and Alliance San Diego.",https://www.10news.com/news/local-news/san-diego-split-on-flock-cameras-as-council-prepares-surveillance-vote,"Actions Posted Trust SD, a coalition of 60 nonprofit organizations, gathered outside San Diego's Civic Center Plaza on Thursday to demand that the city eliminate its Flock automated license plate read...",Partially supported,v3,complete,false,,
row_139,McNary High School,12,1,"Anthony Hudson, artist known for drag clown persona Carla Rossi",https://www.smokesignals.org/articles/2019/10/31/tribal-member-anthony-hudson-channels-alter-ego-into-full-length-play/,"Tribal member Anthony Hudson as Carla Rossi leads a tour of what was a center of the gay community in Portland on Saturday, Oct. 19. Rossi gave the history of the area and explained how gentrification...",Supported,v3,complete,false,,
row_140,Kiran Thagunna,4,1,"Thagunna made his Twenty20 International (T20I) debut for Nepal on 16 June 2025 against the Netherlands during a tri-series in Scotland.",https://www.cricnepal.com/kiran-thagunna-and-rupesh-singh-make-their-t20i-debut,"Nepal has introduced two new players to the T20I stage, with Kiran Thagunna and Rupesh Singh making their international debuts against the Netherlands in the opening match of the Tri-Series. Kiran Tha...",Partially supported,v3,complete,false,,
row_141,Miriam Lexmann,11,1,"She became a full member of the European Parliament Committee on Foreign Affairs (AFET) and was included as a substitute in the European Parliament Subcommittee on Security and Defence (SEDE).",https://www.postoj.sk/51336/miriam-lexmann-sa-stala-clenkou-vyboru-pre-zahranicnu-politiku,"Miriam Lexmann. Foto - EĽS/Martin Lahousse Vypočuť článok Miriam Lexmann sa stala členkou Výboru pre zahraničnú politiku TASR Verejnoprávna tlačová agentúra, ktorá poskytuje spravodajský servis pre mé...",Supported,v3,complete,false,,
row_142,Lucca railway station,1,1,"The façade features a double row of arches and, despite modifications over time, retains much of its original 19th-century appearance.",https://www.gpsmycity.com/attractions/lucca-railway-station-43861.html,"Lucca Railway Station, Lucca The Lucca Railway Station is the principal railway hub of the city of Lucca, located in the Tuscany region of central Italy. Opened on 29 September 1846, the station is an...",Supported,v3,complete,false,,
row_143,William Dalrymple,40,1,"His comments on Middle Eastern politics have drawn criticism, particularly regarding the Israel–Palestine conflict.",https://yourawesomeindia.com/2020/04/07/the-dalrymple-delusion/,"Twitter Earlier, we covered William Dalrymple’s The Anarchy in this two-part review here: 1 and 2. We now explore other facets of Britain’s favourite contemporary India historian. Let us first take a ...",Not supported,v3,complete,false,,
row_144,Goose Pond Fish and Wildlife Area,5,1,"With both water and upland dry parcels for habitat, the Wildlife Area has logged the sighting of more than 280 species of birds.",https://ebird.org/hotspot/L319816/bird-list,"Making sure you&#39;re not a bot! Loading... Why am I seeing this? You are seeing this because the administrator of this website has set up Anubis to protect the server against the scourge of AI compa...",Partially supported,v3,complete,false,,
row_145,Dodge C series,4,1,"Thus, the ½ ton Dodge was now called the D100, the ¾ ton D200 and 1 ton model D300.",https://www.hagerty.com/valuation-tools/dodge/d100/1957/1957-dodge-d100-1!2_ton,"...",Partially supported,v3,source_fetch_failed,true,,
row_146,Ibn al-Banna' al-Marrakushi,3,1,"Ibn al‐Bannāʾ al‐Marrākushī (Arabic: ابن البناء المراكشي), full name: Abu'l-Abbas Ahmad ibn Muhammad ibn Uthman al-Azdi al-Marrakushi (Arabic: أبو العباس أحمد بن محمد بن عثمان الأزدي)  (29 December 1256 – 31 July 1321), was a Arab polymath who was active as a mathematician, astronomer, Islamic scholar, Sufi and astrologer.",https://almerja.com/reading.php?idm=21874,"#header{ position: sticky; top: 0; z-index: 10; background-color: rgba(0961511); border-bottom: 3px solid #008ec5; padding: 0px 20px; display: flex; align-items: center; justify-content:space-around; ...",Supported,v3,complete,false,,
row_147,Pino Arlacchi,1,3,"A review of the Arlacchi plan has been carried out in March 2009 by the UN Commission on Narcotic Drugs.",https://www.politico.eu/article/crime-fighting-calabrian/,"Even to his detractors, Pino Arlacchi is a man of extraordinary qualities. As a budding sociologist in the late 1970s, he published ground-breaking research on the Mafia’s entrepreneurial skills – thr...",Not supported,v3,complete,false,,
row_148,William Edward Wells,7,2,"Intrigued by the foul odors, Lukas declined the offer and left.",https://www.heraldtribune.com/story/news/2003/06/04/man-says-accidental-shooting-led-to-four-other-slayings/28752160007/,"NEWS Man says accidental shooting led to four other slayings THE ASSOCIATED PRESS June 4, 2003, 2:44 a.m. ET JACKSONVILLE -- A man claiming to be the suspect charged with five murders in a Mayport mob...",Not supported,v3,complete,false,,
row_149,Kalen Brunson,2,1,"Born in Bermuda, Brunson joined Queens Park Rangers in December 2024, having previously played for his boyhood club, PHC Zebras.",https://bernews.com/2025/08/aug15-kalen-brunson-makes-qpr-debut-cup/,"Bermudian footballer Kalen Brunson made his Queens Park Rangers debut in their 3-2 defeat away to Plymouth Argyle in the first round of the Carabao Cup on Tuesday [August 12]. The 16-year-old winger, ...",Supported,v3,complete,false,,
row_150,Springfield Armory Hellcat,9,1,"Introduced in September 2019, it is chambered in 9×19mm Parabellum and intended for concealed carry, with 10-, 11-, 13-, 15-, and 17-Round magazines.",https://www.springfield-armory.com/press-releases/springfield-armory-announces-hellcat-worlds-highest-capacity-micro-9mm/,"FOR IMMEDIATE RELEASE GENESEO, ILL. (09/26/19) – After years of development, we are proud to introduce the Hellcat®, the highest capacity micro compact 9mm in the world and the next generation of defe...",Partially supported,v3,complete,false,,
row_151,West Morris Central High School,24,1,"The team won the North II Group III state sectional championship in 1982, 1991, 1995, 2001, 2004, 2009, 2021, 2022, 2023, and 2025 and won a North II Group IV title in 2012.",https://bigstatesports.com/west-morris-runs-over-summit/,"On one part of West Morris’ football field Friday night, A.J. Codella bearhugged and high-fived teammates Tommy Borgia, Brody Mansolino, and Mike Finlay. Soon, he found his way to the beaming Wolfpack...",Partially supported,v3,complete,false,,
row_152,Soundgarden,3,1,"Soundgarden was among one of the first grunge bands to be signed to a major label when they signed to A&M Records in 1989.",https://www.onamrecords.com/artists/soundgarden,"Soundgarden Publicity Photo Soundgarden Publicity Photo Soundgarden Publicity Photo Soundgarden Publicity Photo Soundgarden Publicity Photo Soundgarden Publicity Photo Soundgarden Publicity Photo Soun...",Partially supported,v3,complete,false,,
row_153,Debra Wilson,7,1,"Among her characters were Latina bimbo Melina (Lida and Melina), Reality Check's Tovah McQueen, Stick Chick Autumn, Kappa Kappa Kappa sorority sister Hayden Brooks, Alexis Duvane (Prehistoric Glamazon Huntresses), blaxploitation actress Cocoa Latette (Son of Dolemite), Lowered Expectations Host and Ms. Not Nice (The Jenny Jones Show).",https://screenrant.com/madtv-cast-members-where-are-they-now/,"For 15 seasons, Mad TV ran as one of the funniest television shows around. Fox's answer to NBC's wildly popular Saturday Night Live, the late-night sketch comedy series was loosely based on the Mad Ma...",Partially supported,v3,complete,false,,
row_154,CD Badajoz,6,1,"The club previously played at Estadio El Vivero in the east of the city, before moving a few kilometres south of the Guadiana in 1998 to the new facilities; the first match at the new grounds took place on 2 December 1998, in a friendly goalless match with neighbours CF Extremadura.",https://countryfc.com/badajoz/,"⚽ C.D. Badajoz (Spain) 🌍 Country: Spain 📍 City: Badajoz C.D. Badajoz is a football club based in Badajoz, Spain. The club embodies the passionate spirit of its city, where football is more than just...",Not supported,v3,complete,false,,
row_155,Boston University College of Communication,6,1,"COM is well regarded among communication colleges in the United States, listed on the Public Relations Education A-List by PR News and among Top Film Schools by Variety, and ranked by industry sources:",https://variety.com/lists/best-film-schools-north-america-2024/,"Courtesy of The Los Angeles Film School Each year, Variety curates a list of the top film school programs across North America. From universities that are as old (or older) than the moving picture its...",Not supported,v3,complete,false,,
row_156,NMDC Limited,7,1,"Production of dead burnt magnesite and further value addition is under study through its subsidiary J K Mineral Development Corporation Limited.",https://timesofindia.indiatimes.com/amitava-mukherjee-assumes-additional-charge-as-nmdc-cmd/articleshow/98636198.cms,"New Delhi, Mar 14 (PTI) NMDC on Tuesday said its Director (Finance) Amitava Mukherjee has taken the additional charge as its Chairman-Cum-Managing Director. Mukherjee, a 1995-batch Indian Railway Acco...",Not supported,v3,complete,false,,
row_157,Jacolby Satterwhite,9,1,"During recovery, he would watch Janet Jackson's video anthology VHS tape and play video games like Final Fantasy every day after school and in the hospital, influences that later shaped the fantastical, choreographed style of his digital art.",https://thecreativeindependent.com/people/artist-jacolby-satterwhite-on-trusting-your-own-process/,"Prelude Jacolby Satterwhite is an American contemporary artist who works with video, performance, 3D animation, fibers, and drawing and printmaking, currently based in New York City. His work has been...",Partially supported,v3,complete,false,,
row_158,Nutri-Score,2,2,"Its goal is to allow consumers to compare the overall nutritional value of food products from the same group (category) , including food products from different manufacturers.",https://www.eurofins.de/food-analysis/other-services/nutri-score/,"The Nutri-Score – all important facts and novelties at a glance Introduction and update of the Nutri-Score: What you should keep in mind Jan 2024 (update). The Nutri-Score is an additional and simplif...",Partially supported,v3,complete,false,,
row_159,University of Colorado Colorado Springs,12,1,"The college is also recognized as a Military Friendly® School for its strong support of veterans and commitment to accessible online education.",https://johnsonbethel.uccs.edu/about,"For more than 100 years, the UCCS Helen and Arthur E. Johnson Beth-El College of Nursing and Health Sciences has prepared students to become leaders and innovators in health care and human performance...",Partially supported,v3,complete,false,,
row_160,Ihimba Hot Springs,1,1,"The Ihimba Hot Springs are situated on kabiulil-Katuna Road, approximately 8 kilometres (5.0 mi), south of Kabiulil.",https://kabale.go.ug/tourism/ihimba-hot-springs/,"Ihimba hot springs Ihimba hot springs are located along Kabale – Katuna road in Kabale district which in total is approximately 8 kilometers from Kabale town Centre. The hot springs are surrounded by ...",Partially supported,v3,complete,false,,
row_161,North Carolina Republican Party,14,1,"From 1968 through 2004, the majority of North Carolina voters supported Republicans in every presidential election, except 1976, when favorite son Democrat Jimmy Carter was elected from Georgia.When they re-entered the political system, African Americans shifted their alliance from the Republican to the Democratic Party, which had national leaders who had supported the civil rights effort and legislation enforcing their constitutional rights as citizens.",https://blogs.cornell.edu/policyreview/2012/06/12/hyper-partisan-sorting-in-the-american-electorate-1976-2008/,"Hyper-Partisan Sorting in the American Electorate, 1976-2008 An Article by Thomas L. Day _______________________________________________________________________________________________________________...",Partially supported,v3,complete,false,,
row_162,Microsoft OneNote,53,1,"As of December 2025, OneNote had more than 500M+ downloads on Google PlayStore.",https://play.google.com/store/apps/details?id=com.microsoft.office.onenote&hl=en,"Microsoft OneNote: Save Notes Microsoft Corporation 4.6 1.47M reviews Everyone 1B+ Downloads Everyone Users Interact Learn more Organize your thoughts, discoveries, and ideas and simplify planning imp...",Not supported,v3,complete,false,,
row_163,Confederation Mall,15,1,"Route 22 Confederation/City Centre (this route operates as needed during peak hours only and is not a full-service route).",https://saskatoontransit.ca/plan-my-trip/routes-schedules,"Routes & Schedules Full system route map We encourage riders to use the real-time mobile app, Transit to plan their trip. Service Alerts are also issued in the app to let you know if a bus stop is clo...",Partially supported,v3,complete,false,,
row_164,Ubermorgen,57,1,"Some mentionable connections and collaborations from this period: Net.Artists Alexei Shulgin, Heath Bunting, Olia Lialina, Vuk Ćosić and with contemporary artists Aram Bartholl, Paolo Cirio, James Powderly and Evan Roth from Free Art and Technology Lab and Graffiti Research Lab, Franco and Eva Mattes (0100101110101101.org), IRWIN, Franz West, Janez Janša, Johannes Grenzfurthner (monochrom), Carsten Nicolai, Minerva Cuevas, The Yes Men, Zhang Peili, Jodi, Miltos Manetas, Rafael Lozano-Hemmer, Tre",https://www.dieangewandte.at/institute/bildende_und_mediale_kunst/digitale_kunst,"UBERMORGEN Univ.-Prof. Mag. rer. soc. oec. Liz Haas (Leitung) Univ.-Prof. Mag. art. Luzius Bernhard Erhebt euch! Die UBERMORGEN Klasse revolutioniert die Digitale Kunst, um den Weg des neuen Proletari...",Not supported,v3,complete,false,,
row_165,1980 NBA Finals,19,1,"The 1980 NBA Finals was dramatized in the Season 1 of HBO's Winning Time: The Rise of the Lakers Dynasty, which was based off the the book Showtime: Magic, Kareem, Riley, and the Los Angeles Lakers Dynasty of the 1980s by Jeff Pearlman.",https://www.nbcsportsboston.com/nba/boston-celtics/how-winning-time-1984-nba-finals-episode-compares-to-reality/553663/,"HBO's Winning Time drama series based on the 1980s ""Showtime"" Lakers aired its final episode Sunday night as it was canceled after only two seasons. Ironically, the show about the Lakers dynasty end...",Not supported,v3,complete,false,,
row_166,Luther Duncan,7,1,"O'Neal, president of the American Farm Bureau, Duncan eventually secured passage of the Bankhead-Jones Act, which increased funding for resident teaching, agricultural research, and agricultural extension.",https://legal-resources.uslegalforms.com/b/bankhead-jones-farm-tenant-act#:~:text=The%20Bankhead-Jones%20Farm%20Tenant%20Act%20is%20a,land%20ownership%20among%20those%20who%20work%20it.,"Understanding the Bankhead-Jones Farm Tenant Act: A Comprehensive Guide Definition & meaning The Bankhead-Jones Farm Tenant Act is a federal law enacted in 1937 to address issues related to agricultur...",Not supported,v3,complete,false,,
row_167,Adhesive capsulitis of the shoulder,59,1,"Other risk factors for developing adhesive capsulitis include the aforementioned thyroid disorders, prior shoulder surgery, hyperlipidemia (high cholesterol), cardiovascular disease, Parkinson's disease, obesity, osteoarthritis (especially of the shoulder), and evidence of systemic inflammation (elevated hs-CRP).",https://pubmed.ncbi.nlm.nih.gov/32379116,"Abstract Background: Chronic inflammation is implicated in the development of idiopathic adhesive capsulitis (IAC), whose association with high-sensitivity C-reactive protein (CRP), an inflammation ma...",Partially supported,v3,complete,false,,
row_168,California's 55th State Assembly district,4,1,"The district encompasses an area of roughly 84 square miles with a population of around 186,842 residents, reflecting the suburban communities in both San Bernardino County and adjacent regions.",https://censusreporter.org/profiles/97000US0608460-chino-valley-unified-school-district-ca/,"Find data for this place Hover for margins of error and contextual data. Age 36.9 ±1.6 Median age a little higher than the figure in San Bernardino County: 35.3 ±0.1 a little less than the figure in C...",Partially supported,v3,complete,false,,
row_169,Battus polydamas,7,1,"However, it is most often found in open woodlands, along the edges of forests, or abandoned fields, and occasionally in gardens with their preferable host plants.",https://edis.ifas.ufl.edu/publication/IN219,"Introduction The Polydamas swallowtail is one of only two US swallowtails of the genus Battus. It is our only US swallowtail without tails (Figure 1). Figure 1. Polydamas swallowtail ( Battus polydama...",Partially supported,v3,complete,false,,
row_170,Tere Naam,6,1,"The film was based on a real-life incident of a friend of Bala's, who had fallen in love, lost his mind, and ended up at a mental asylum.Considered as a cult classic , Tere Naam was released on 15 August 2003 and became a moderate box-office success, although its soundtrack album was a major success.",https://timesofindia.indiatimes.com/entertainment/hindi/bollywood/news/mujhe-itna-dar-laga-when-salman-khan-warned-fans-not-to-follow-his-tere-naam-character/amp_articleshow/122000709.cms,"OPEN APP Tired of too many ads?Salman Khan’s portrayal of Radhe in the 2003 cult classic Tere Naam remains one of his most talked-about performances. But behind the intensity and heartbreak of the cha...",Not supported,v3,complete,false,,
row_171,United Records (1910s),1,1,"United Records operated during a period of rapid growth in the American phonograph record industry in the early 20th century.",https://www.nps.gov/jazz/learn/historyculture/jazz_history.htm,"Buddy Bolden's Band 1905 Photo Hogan Jazz Archives Even before jazz, for most New Orleanians, music was not a luxury as it often is elsewhere–it was a necessity. Throughout the nineteenth century, div...",Not supported,v3,complete,false,,
row_172,Flood risk assessment,10,1,"If you live in an area with low or moderate flood risk, you are 5 times more likely to experience flood than a fire in your home over the next 30 years.  Flood maps are a guide for people who live there.",https://msc.fema.gov/portal/search?AddressQuery=11361,"Danger Please enter a valid US address/place. x Whether you are in a high risk zone or not, you may need flood insurance because most homeowners insurance doesn't cover flood damage. If you live in an...",Supported,v3,complete,false,,
row_173,Shepherdia canadensis,10,4,"First Nations peoples believe that the berry has many health properties and it was used by Sioux to treat gastrointestinal illnesses.",https://www.fs.usda.gov/database/feis/plants/shrub/shecan/all.html#:~:text=Introductory-,SPECIES:%20Shepherdia%20canadensis,most%20of%20the%20Great%20Basin.,"Fire Effects Information System (FEIS) FEIS Home Page Index of Species Information SPECIES: Shepherdia canadensis Introductory SPECIES: Shepherdia canadensis AUTHORSHIP AND CITATION : Walkup, Crystal ...",Partially supported,v3,complete,false,,
row_174,Life-support system,6,1,"Future missions may use radiation-resistant fungi-derived paints, to coat the walls of spacecraft.",https://astrobiology.com/2020/07/a-self-replicating-radiation-shield-for-human-deep-space-exploration-radiotrophic-fungi-can-attenuat.html,"I: Photographic data of fungal growth, in intervals of 6 h starting with A: t0 = 0 h continuing until I: t = 48 h, shows the development of C. sphaerospermum growth by means of optical density on the ...",Not supported,v3,complete,false,,
row_175,F5ve,32,1,"On November 4, 2025, a reissue of Sequence 01 was announced, entitled as Sequence 01.5 (dreaming of the 2nd 1st impact - consequences of fate redux), which later released on November 14.",https://www.thelineofbestfit.com/news/a-g-cook-hannah-diamond-and-more-feature-on-f5ve-deluxe-album-sequence-01-5,"F5ve deluxe (A. G. Cook) (Hannah Diamond) (f5ve) (Album release news) Japanese group f5ve have returned with the announcement of SEQUENCE 01.5 – the deluxe version of their debut album, featuring thre...",Supported,v3,complete,false,,
row_176,Tiramisu,42,1,"Previous historical uses of the term “mascarpone” may not have corresponded to the modern dairy cream produced by acid-heat coagulation of cream.",https://archivio2023-2024.ruminantia.it/il-mascarpone-artigianale-specialita-lombarda/,"Tra i prodotti lattiero-caseari, vale la pena menzionare il Mascarpone. Questo derivato del latte ha una sua storia ed una sua tipicità, legata alla tradizione della bassa Lombardia. Proprio questa re...",Partially supported,v3,complete,false,,
row_177,Final Fantasy,173,1,"As of 2025, the Final Fantasy series was won 10 awards at The Game Awards, more than than for any other video game franchise.",https://www.ign.com/articles/the-game-awards-2025-winners-the-full-list,"With all the reveals, leaks and drama that surround The Game Awards, it's easy to forget about the actual winners themselves. Luckily for you, as well as tracking every big game reveal, announcement a...",Not supported,v3,complete,false,,
row_178,Fireworks policy of the United States,15,1,"This creates a new way for native areas to get extra revenue during periods of high demand for fireworks; however, due to the lessened restrictions on fireworks, it contributes to fires that are caused by fireworks, which reached 76.8% of total fires caused by fireworks during 1980-2016 .",https://journals.plos.org/plosone/article?id=10.1371/journal.pone.0291026,"Figures Abstract Although anthropogenic climate change is causing increased wildfire activity in the United States (US), humans are also an important ignition source. Humans cause a surge in wildfire ...",Partially supported,v3,complete,false,,
row_179,Alaa Salah,27,1,"These groups are fighting for gender equailty and continuing the women's revolution. The Noon movement fought against the sexual harassment occuring during direct actions and created her space which was safe areas for women in sit-ins.",https://www.cmi.no/publications/7355-sudanese-womens-revolution-for-freedom-dignity-and-justice-continues,"Project Assisting Regional Universities in Sudan (ARUS) Alaa Salah quickly became a symbol of the of the 2019 revolution in Sudan. (Photo: flickr.com/duncan c) Alaa Salah, who was dubbed as an icon of...",Partially supported,v3,complete,false,,
row_180,Barry Keoghan,43,1,"In 2024, Keoghan publicly announced his relationship with Sabrina Carpenter, American singer and actress .",https://www.elle.com/culture/celebrities/a46398999/barry-keoghan-sabrina-carpenter-relationship-timeline/,"Every item on this page was chosen by an ELLE editor. We may earn commission on some of the items you choose to buy.Rumors of a relationship between pop star Sabrina Carpenter and Saltburn actor Barry...",Supported,v3,complete,false,,
row_181,Ramon Berguer,2,1,"Berguer was born in 1940 in A Coruña, Spain.",http://galegos.galiciadigital.com/es/ramon-berguer,"Ramón Berguer Categoría: Médico Fecha de Nacimiento: En 1940 Lugar de Nacimiento: A Coruña Correo electrónico: Formulario de contacto Currículum Es doctor en Medicina (1962) por la Universidad de Barc...",Supported,v3,complete,false,,
row_182,Mera Shikar,3,1,"Her father (Rameshwar) wanted a son, but despite being a girl, Bijli was too hardworking and courageous.",https://bollymints.com/movies/mera-shikaar-1988,"Mera Shikaar is an action drama. The movie follows the story of a brave and courageous woman named Bijli (Dimple Kapadia), who lives in a village with her father (Satyen Kappoo) and two sisters. Her f...",Partially supported,v3,complete,false,,
row_183,Peter Cklamovski,10,1,"The following year, qualification was achieved for the FIFA 2018 World Cup but only after a grueling campaign, with the Socceroos finally clinching their place in the Finals after defeating Honduras 3–1 in the AFA/CONCACAF Playoff at Stadium Australia (Sydney) on 15 November 2017, where captain Mile Jedinak scored a superb hat-trick.",https://www.abc.net.au/news/2017-11-15/socceroos-v-honduras/9154548,"Socceroos beat Honduras 3-1 to qualify for FIFA World Cup in Russia thanks to Mile Jedinak They made all of Australia's nerves jangle until the second half but the Socceroos have got the job done, ear...",Partially supported,v3,complete,false,,
row_184,University of California%2C Irvine,69,1,"It is managed as part of the Nature Reserve of Orange County and is used for field instruction and ecological research.",https://news.uci.edu/2024/03/28/take-a-walk-on-the-wild-side/,"March 28, 2024 UCI Ecological Preserve champions biodiversity and community engagement in Irvine Hikers pad along a trail during a wellness walk in the UCI Ecological Preserve. Steve Zylius / UCI At a...",Partially supported,v3,complete,false,,
row_185,Graham Craig,2,5,"As of the 2025 season, Craig’s head coaching record at Valdosta State stands at 6–5.",https://en.wikipedia.org/w/index.php?title=Graham_Craig_(American_football)&oldid=1325528100,"Graham Craig - 2025 - Valdosta State Head Coach Graham Craig '''Graham Craig''' (born c. 1991) is an American college football coach and former quarterback. Since 2025, he has served as head coach of ...",Not supported,v3,complete,false,,
row_186,Combat Zone Wrestling,3,1,"Combat Zone Wrestling (CZW) is an American independent professional wrestling promotion founded in 1999 by John Zandig.",https://lastwordonsports.com/prowrestling/2022/06/28/combat-zone-wrestling/,"To any outsider, independent wrestling is just developmental for WWE or AEW. A real fan will tell you that independent wrestling is an art form that many try to perfect, but few do it right. It is unl...",Partially supported,v3,complete,false,,
row_187,1973 Arab League summit,1,3,"The summit also called upon Israel to relinquish it's occupation of all territories taken after the Six-Day War of 1967, including Jerusalem.",https://www.palquest.org/en/historictext/21793/sixth-arab-summit-policy-statement,"Sections About Sixth Arab Summit Policy Statement The Kings and Presidents of the States of the League of Arab States, at their meeting in the Palais des Nations in Algiers at the invitation of Presid...",Partially supported,v3,complete,false,,
row_188,Ewing Township%2C New Jersey,193,1,"The current church building, dating from 1867, had been under threat of demolition but is now preserved.",http://www.nj.com/mercer/index.ssf/2009/08/church_rejects_restoration_off.html,"...",Not supported,v3,source_fetch_failed,true,,
row_189,Marjane Satrapi,42,1,"ISBN 9781936393466.",https://www.goodreads.com/book/show/12541221-the-sigh,"Jump to ratings and reviews Rate this book Marjane Satrapi Rate this book From the author of Persepolis, comes this illustrated fairy tale. Rose is one of three daughters of a rich merchant who always...",Supported,v3,complete,false,,
row_190,Ohaozara,5,1,"Trade and hunting further contribute to the economic life of the LGA.",https://www.manpower.com.ng/places/lga/259/ohaozara,"Ohaozara About Ohaozara Local Government Area (L.G.A) Ohaozara local government area is domiciled in Ebonyi state, South-east geopolitical enclave of Nigeria. The headquarters of the LGA are in the to...",Supported,v3,complete,false,,